task,method,seed,regret_auc,final_best,final_top50,final_top10pct
emass_max,dkl_cold_live,0,0.7527851582156231,1.5785318323712445,10,14
emass_max,dkl_cold_live,1,1.0016563963779297,1.2979765196417308,4,11
emass_max,dkl_cold_live,2,0.6930649980302305,1.5785318323712445,16,19
emass_max,dkl_cold_live,3,0.6203177882994475,1.5785318323712445,12,17
emass_max,dkl_cold_live,4,0.5683560297574606,1.5785318323712445,21,27
emass_max,dkl_cold_live,5,0.6128924473230429,1.5785318323712445,17,24
emass_max,dkl_cold_live,6,1.0775880907173343,1.2979765196417308,5,10
emass_max,dkl_cold_live,7,1.0609114400170723,1.2596777104069268,5,10
emass_max,dkl_cold_live,8,0.5997222065267733,1.5785318323712445,13,19
emass_max,dkl_cold_live,9,0.5864136317247093,1.5785318323712445,9,12
emass_max,dkl_cold_live,10,0.9968751690114246,1.2145381178884274,8,10
emass_max,dkl_cold_live,11,1.1513734163726612,1.2979765196417308,5,10
emass_max,dkl_cold_live,12,1.283556790577686,1.5785318323712445,4,9
emass_max,dkl_cold_live,13,0.6036391988681908,1.5785318323712445,29,37
emass_max,dkl_cold_live,14,0.6261877809610042,1.5785318323712445,14,20
emass_max,dkl_cold_live,15,0.9454814004409405,1.2741215091411264,9,14
emass_max,dkl_cold_live,16,0.8032604330921044,1.5785318323712445,16,19
emass_max,dkl_cold_live,17,0.833297352476756,1.5785318323712445,7,13
emass_max,dkl_cold_live,18,0.8967902086368419,1.5785318323712445,19,24
emass_max,dkl_cold_live,19,0.6430834747939058,1.5785318323712445,11,15
emass_max,dkl_cold_live,20,0.9652566493435478,1.2596777104069268,10,10
emass_max,dkl_cold_live,21,0.5969007073244346,2.1341535744375406,22,29
emass_max,dkl_cold_live,22,0.5683612714664504,1.5785318323712445,12,15
emass_max,dkl_cold_live,23,0.9114462585728097,1.2979765196417308,9,13
emass_max,dkl_cold_live,24,0.5871810003134671,1.5785318323712445,10,15
emass_max,dkl_cold_live,25,0.6923284089827305,1.5785318323712445,12,15
emass_max,dkl_cold_live,26,1.0480078798618675,1.3086494405000182,6,8
emass_max,dkl_cold_live,27,0.8354524090357875,1.469401248730574,12,14
emass_max,dkl_cold_live,28,0.83617705479581,1.2979765196417308,10,13
emass_max,dkl_cold_live,29,1.2172269724745688,1.5785318323712445,4,10
emass_max,dkl_finetune,0,0.7679260970722042,1.5785318323712445,7,11
emass_max,dkl_finetune,1,0.751207856671013,1.5785318323712445,16,20
emass_max,dkl_finetune,2,0.618263181055934,1.5785318323712445,21,25
emass_max,dkl_finetune,3,0.722853759629373,2.1341535744375406,20,26
emass_max,dkl_finetune,4,0.5581685996045287,1.5785318323712445,7,12
emass_max,dkl_finetune,5,0.7935847381557889,1.5785318323712445,15,20
emass_max,dkl_finetune,6,0.9198140218009062,1.5785318323712445,6,11
emass_max,dkl_finetune,7,1.354393045828627,1.1925239141786843,3,10
emass_max,dkl_finetune,8,0.7056058849398936,1.5785318323712445,18,24
emass_max,dkl_finetune,9,0.35390097167872,2.1341535744375406,29,39
emass_max,dkl_finetune,10,1.0372895442996224,1.153880852366091,9,12
emass_max,dkl_finetune,11,0.6873385936606842,1.5785318323712445,10,14
emass_max,dkl_finetune,12,1.10943483768991,1.5785318323712445,7,13
emass_max,dkl_finetune,13,0.6058218105410043,1.5785318323712445,20,28
emass_max,dkl_finetune,14,0.5863050798624506,1.5785318323712445,15,18
emass_max,dkl_finetune,15,1.1069441188365667,1.095100623264882,5,6
emass_max,dkl_finetune,16,1.066398419105878,1.2979765196417308,7,10
emass_max,dkl_finetune,17,0.854005247044218,1.5785318323712445,16,19
emass_max,dkl_finetune,18,0.7421630703645391,1.5785318323712445,20,23
emass_max,dkl_finetune,19,0.6975021073504144,1.5785318323712445,22,31
emass_max,dkl_finetune,20,0.8722966794261368,1.5785318323712445,21,25
emass_max,dkl_finetune,21,0.8453788058165347,1.2979765196417308,10,15
emass_max,dkl_finetune,22,0.5556217420662959,1.5785318323712445,9,14
emass_max,dkl_finetune,23,0.6418007850126781,1.5785318323712445,12,13
emass_max,dkl_finetune,24,0.5813627565304351,1.5785318323712445,12,16
emass_max,dkl_finetune,25,0.5957152977132892,1.5785318323712445,18,21
emass_max,dkl_finetune,26,0.9493237408946732,1.2979765196417308,9,12
emass_max,dkl_finetune,27,1.0024870152216778,1.5785318323712445,14,19
emass_max,dkl_finetune,28,0.620149463994084,1.5785318323712445,28,36
emass_max,dkl_finetune,29,0.8088022036753665,1.5785318323712445,11,17
emass_max,dkl_frozen,0,0.9416296602588562,1.1925239141786843,1,8
emass_max,dkl_frozen,1,1.0009463585160976,1.3086494405000182,13,17
emass_max,dkl_frozen,2,0.9934835833449407,1.2741215091411264,12,13
emass_max,dkl_frozen,3,0.7824296083149883,1.5785318323712445,15,22
emass_max,dkl_frozen,4,0.28360762356135644,2.1341535744375406,3,4
emass_max,dkl_frozen,5,1.195513095768878,1.2363997250555387,11,14
emass_max,dkl_frozen,6,0.9304606093467046,1.3086494405000182,15,19
emass_max,dkl_frozen,7,0.6898954876035952,1.5785318323712445,22,28
emass_max,dkl_frozen,8,0.7870367950084257,1.469401248730574,17,21
emass_max,dkl_frozen,9,0.6950425237847212,1.469401248730574,17,22
emass_max,dkl_frozen,10,0.832683767619681,1.5785318323712445,13,19
emass_max,dkl_frozen,11,1.0359692278180541,1.2363997250555387,9,14
emass_max,dkl_frozen,12,1.0828735611244324,1.3086494405000182,3,5
emass_max,dkl_frozen,13,0.6331044564511719,1.5785318323712445,23,29
emass_max,dkl_frozen,14,0.8343235771468452,2.1341535744375406,13,18
emass_max,dkl_frozen,15,0.806898487791606,1.5785318323712445,19,23
emass_max,dkl_frozen,16,0.7516118147155495,1.5785318323712445,12,17
emass_max,dkl_frozen,17,0.602940924949062,1.5785318323712445,19,26
emass_max,dkl_frozen,18,1.1252696596953196,1.0427311444950107,5,13
emass_max,dkl_frozen,19,0.9965461706207239,1.5785318323712445,10,16
emass_max,dkl_frozen,20,0.8896417155540435,1.5785318323712445,22,27
emass_max,dkl_frozen,21,0.7888159723296707,1.5785318323712445,12,15
emass_max,dkl_frozen,22,0.570851656503547,1.5785318323712445,11,15
emass_max,dkl_frozen,23,0.7583222738488553,1.5785318323712445,21,28
emass_max,dkl_frozen,24,0.673045937443637,1.5785318323712445,11,16
emass_max,dkl_frozen,25,0.785594440269172,1.5785318323712445,17,21
emass_max,dkl_frozen,26,0.7189111488019663,1.5785318323712445,10,15
emass_max,dkl_frozen,27,0.9244954093475735,1.3086494405000182,13,17
emass_max,dkl_frozen,28,0.6967336890253563,1.5785318323712445,12,16
emass_max,dkl_frozen,29,0.8869841586184212,1.3086494405000182,19,22
emass_max,random,0,0.7872264929818322,1.5785318323712445,11,15
emass_max,random,1,0.6838105251559248,1.5785318323712445,5,10
emass_max,random,2,1.0167343385243919,1.2170297930270055,6,9
emass_max,random,3,0.8213342479280018,2.1341535744375406,8,11
emass_max,random,4,0.8103074958895897,1.3238460785479509,6,8
emass_max,random,5,0.9883327051637132,2.1341535744375406,4,10
emass_max,random,6,1.0967321577588478,1.1133365476368775,7,12
emass_max,random,7,1.0799146634510055,1.153880852366091,4,7
emass_max,random,8,0.7890733365940901,1.5785318323712445,3,7
emass_max,random,9,0.8298391168641917,1.3086494405000182,7,11
emass_max,random,10,0.9697957579950017,1.214509577019463,5,7
emass_max,random,11,1.1082140973492123,1.161653985000184,8,9
emass_max,random,12,1.0224622712011289,1.161653985000184,4,7
emass_max,random,13,0.6647523257069665,1.469401248730574,6,11
emass_max,random,14,0.76096869488529,1.469401248730574,6,10
emass_max,random,15,0.774901298111503,1.469401248730574,6,9
emass_max,random,16,0.13775227430123024,2.1341535744375406,6,8
emass_max,random,17,0.7340175140568577,2.1341535744375406,11,12
emass_max,random,18,0.7964218827110847,1.5785318323712445,9,16
emass_max,random,19,0.968588937120289,1.2741215091411264,5,5
emass_max,random,20,0.9885733141029643,1.2170297930270055,7,11
emass_max,random,21,0.3228765740731228,2.1341535744375406,12,19
emass_max,random,22,1.1661510999223348,1.0361902872832007,5,9
emass_max,random,23,0.13015409928933988,2.1341535744375406,7,10
emass_max,random,24,0.941328664525449,1.2145381178884274,4,6
emass_max,random,25,1.1642174814583246,1.078889325574047,2,4
emass_max,random,26,0.7334828496385447,1.469401248730574,8,12
emass_max,random,27,1.1003877222583724,1.1977839714399665,5,8
emass_max,random,28,0.8162574944380201,1.3238460785479509,5,10
emass_max,random,29,1.2031805306870944,1.095100623264882,6,9
emass_max,std_gp,0,0.8264029891702003,1.5785318323712445,11,19
emass_max,std_gp,1,1.0377462310116357,1.5785318323712445,15,18
emass_max,std_gp,2,0.7333490622215249,1.469401248730574,27,32
emass_max,std_gp,3,0.5756008826649602,1.5785318323712445,10,16
emass_max,std_gp,4,0.4329224564675138,2.1341535744375406,16,23
emass_max,std_gp,5,0.8135527699371694,1.5785318323712445,32,36
emass_max,std_gp,6,0.0,2.1341535744375406,10,14
emass_max,std_gp,7,0.8916163856698389,1.5785318323712445,19,24
emass_max,std_gp,8,0.9660169043098716,1.1925239141786843,3,7
emass_max,std_gp,9,0.30887753932810447,2.1341535744375406,19,21
emass_max,std_gp,10,0.6300957363915338,1.5785318323712445,13,20
emass_max,std_gp,11,0.8597131003524774,1.469401248730574,20,23
emass_max,std_gp,12,0.7823265569429623,1.5785318323712445,26,30
emass_max,std_gp,13,0.5796304704672434,1.5785318323712445,19,24
emass_max,std_gp,14,0.9735448219883804,1.1977839714399665,6,12
emass_max,std_gp,15,0.7378511468257808,2.1341535744375406,5,9
emass_max,std_gp,16,0.514852978054491,2.1341535744375406,5,8
emass_max,std_gp,17,0.7427580464079964,1.5785318323712445,4,10
emass_max,std_gp,18,0.7959016850429005,2.1341535744375406,18,25
emass_max,std_gp,19,0.7065607047523548,1.469401248730574,23,28
emass_max,std_gp,20,0.7400600047865689,1.5785318323712445,12,17
emass_max,std_gp,21,0.923512978535816,1.5785318323712445,12,18
emass_max,std_gp,22,0.825504133937523,1.3086494405000182,17,20
emass_max,std_gp,23,0.8778695670330192,1.469401248730574,21,23
emass_max,std_gp,24,0.6946488737740273,1.5785318323712445,14,19
emass_max,std_gp,25,0.6864716037559035,1.5785318323712445,12,19
emass_max,std_gp,26,0.9520764064154063,1.1977839714399665,8,12
emass_max,std_gp,27,0.15541142244887093,2.1341535744375406,10,14
emass_max,std_gp,28,0.83617705479581,1.2979765196417308,13,19
emass_max,std_gp,29,0.20601738340337747,2.1341535744375406,18,24
emass_min,dkl_cold_live,0,1.6397463829868832,-1.4980987198169655,14,20
emass_min,dkl_cold_live,1,0.6687293722830552,-2.7985215224949846,15,19
emass_min,dkl_cold_live,2,1.0630748208802314,-2.7985215224949846,17,23
emass_min,dkl_cold_live,3,1.290445170663776,-1.5080763518312088,15,18
emass_min,dkl_cold_live,4,1.0268292863460766,-1.9876555344978155,15,19
emass_min,dkl_cold_live,5,1.4388587880142483,-1.4980987198169655,16,20
emass_min,dkl_cold_live,6,0.8193446993983846,-2.7985215224949846,21,27
emass_min,dkl_cold_live,7,0.07970267701147563,-2.7985215224949846,17,21
emass_min,dkl_cold_live,8,1.3698431894657852,-1.4980987198169655,14,19
emass_min,dkl_cold_live,9,1.7317681760342254,-1.9876555344978155,13,19
emass_min,dkl_cold_live,10,1.5029599500833684,-1.4980987198169655,13,17
emass_min,dkl_cold_live,11,1.4909192576573802,-2.7985215224949846,10,13
emass_min,dkl_cold_live,12,1.6095494022479817,-1.5080763518312088,9,12
emass_min,dkl_cold_live,13,0.9625407249450789,-1.9876555344978155,19,25
emass_min,dkl_cold_live,14,0.8230648321653611,-1.9876555344978155,16,20
emass_min,dkl_cold_live,15,1.6370648756468011,-1.4980987198169655,10,13
emass_min,dkl_cold_live,16,1.2748314205409763,-1.9876555344978155,21,27
emass_min,dkl_cold_live,17,1.071904586197794,-1.9876555344978155,14,18
emass_min,dkl_cold_live,18,1.1012440889918869,-1.9876555344978155,17,23
emass_min,dkl_cold_live,19,0.9076888563974203,-1.9876555344978155,12,17
emass_min,dkl_cold_live,20,1.6862642426377619,-1.1324266978998243,5,11
emass_min,dkl_cold_live,21,1.505988774978001,-1.4980987198169655,14,18
emass_min,dkl_cold_live,22,1.456058046939499,-1.4980987198169655,14,18
emass_min,dkl_cold_live,23,1.1467772387420387,-2.7985215224949846,15,16
emass_min,dkl_cold_live,24,1.4250205104273368,-1.4980987198169655,17,22
emass_min,dkl_cold_live,25,1.3460786071707491,-1.9876555344978155,19,29
emass_min,dkl_cold_live,26,1.7366189951650441,-1.2199206038560078,11,18
emass_min,dkl_cold_live,27,0.7341567223403124,-2.7985215224949846,18,21
emass_min,dkl_cold_live,28,1.3379022988553373,-1.9876555344978155,15,19
emass_min,dkl_cold_live,29,0.4421982764223131,-2.7985215224949846,16,18
emass_min,dkl_finetune,0,1.5587960992633554,-1.5080763518312088,17,23
emass_min,dkl_finetune,1,1.7773055674489178,-1.1019858541764167,13,18
emass_min,dkl_finetune,2,1.334638315600399,-2.7985215224949846,12,20
emass_min,dkl_finetune,3,0.38713355119913273,-2.7985215224949846,16,20
emass_min,dkl_finetune,4,0.9886418894944197,-1.9876555344978155,20,25
emass_min,dkl_finetune,5,1.0371427800408899,-1.9876555344978155,18,21
emass_min,dkl_finetune,6,1.318843204347682,-1.4980987198169655,10,12
emass_min,dkl_finetune,7,0.17268913352486387,-2.7985215224949846,16,21
emass_min,dkl_finetune,8,1.3871982861627268,-1.4980987198169655,14,17
emass_min,dkl_finetune,9,1.594350867564476,-1.4980987198169655,21,25
emass_min,dkl_finetune,10,1.2390581332010198,-2.7985215224949846,20,24
emass_min,dkl_finetune,11,1.4208397248961213,-1.4980987198169655,13,16
emass_min,dkl_finetune,12,0.9147669668352075,-2.7985215224949846,16,21
emass_min,dkl_finetune,13,0.6007142478238251,-2.7985215224949846,18,26
emass_min,dkl_finetune,14,0.8718602088381278,-1.9876555344978155,19,23
emass_min,dkl_finetune,15,0.9908100116767387,-2.7985215224949846,15,19
emass_min,dkl_finetune,16,1.2555462286218266,-1.9876555344978155,20,24
emass_min,dkl_finetune,17,1.4828230625178145,-1.4980987198169655,15,20
emass_min,dkl_finetune,18,1.3486751520651774,-1.4980987198169655,17,22
emass_min,dkl_finetune,19,1.0550455098320575,-1.9876555344978155,16,24
emass_min,dkl_finetune,20,1.922413262340994,-0.9959435007672428,3,6
emass_min,dkl_finetune,21,1.0513425472664952,-1.9876555344978155,15,19
emass_min,dkl_finetune,22,1.3627943793574508,-1.4980987198169655,14,21
emass_min,dkl_finetune,23,1.3916586397152626,-1.4980987198169655,16,20
emass_min,dkl_finetune,24,1.0888708952020656,-1.9876555344978155,21,24
emass_min,dkl_finetune,25,0.5717599412903995,-2.7985215224949846,26,32
emass_min,dkl_finetune,26,1.1282954564202372,-2.7985215224949846,20,25
emass_min,dkl_finetune,27,0.8017954439770217,-2.7985215224949846,22,30
emass_min,dkl_finetune,28,0.33038644062642114,-2.7985215224949846,17,21
emass_min,dkl_finetune,29,0.6274432599825474,-2.7985215224949846,20,26
emass_min,dkl_frozen,0,1.7323247431444897,-1.4701435723037242,10,16
emass_min,dkl_frozen,1,1.620646191129419,-1.4980987198169655,18,23
emass_min,dkl_frozen,2,1.0505829674729534,-1.9876555344978155,24,28
emass_min,dkl_frozen,3,0.2838979375460307,-2.7985215224949846,25,31
emass_min,dkl_frozen,4,1.4985014328696287,-1.5080763518312088,21,28
emass_min,dkl_frozen,5,1.377195810101616,-1.5080763518312088,19,22
emass_min,dkl_frozen,6,1.3059863649972383,-1.4980987198169655,22,25
emass_min,dkl_frozen,7,1.3283779501912603,-1.4701435723037242,11,16
emass_min,dkl_frozen,8,1.1937183137870293,-1.9876555344978155,27,34
emass_min,dkl_frozen,9,1.4966764282355605,-1.4116129842166991,12,18
emass_min,dkl_frozen,10,1.499502748590385,-1.5080763518312088,11,13
emass_min,dkl_frozen,11,1.180327181164327,-1.9876555344978155,14,21
emass_min,dkl_frozen,12,1.8566296766870947,-1.1019858541764167,7,12
emass_min,dkl_frozen,13,1.754568199604247,-1.4980987198169655,16,23
emass_min,dkl_frozen,14,1.5900907680091034,-1.4980987198169655,21,29
emass_min,dkl_frozen,15,1.647981598092656,-1.4980987198169655,10,12
emass_min,dkl_frozen,16,0.9138566452489829,-1.9876555344978155,26,30
emass_min,dkl_frozen,17,1.6811135508278112,-1.2387867818927916,12,21
emass_min,dkl_frozen,18,1.2259846197253195,-1.9876555344978155,22,26
emass_min,dkl_frozen,19,1.387329239693979,-1.4980987198169655,14,21
emass_min,dkl_frozen,20,1.7472135383230485,-1.4701435723037242,9,11
emass_min,dkl_frozen,21,1.526285473597116,-1.5080763518312088,15,20
emass_min,dkl_frozen,22,0.6135137434030971,-2.7985215224949846,18,22
emass_min,dkl_frozen,23,1.4560775706720086,-1.5080763518312088,19,25
emass_min,dkl_frozen,24,1.5377498751978107,-1.4980987198169655,15,23
emass_min,dkl_frozen,25,1.3310169050069751,-1.4980987198169655,14,19
emass_min,dkl_frozen,26,1.3376743340387487,-1.4980987198169655,15,22
emass_min,dkl_frozen,27,0.08320376240690784,-2.7985215224949846,6,13
emass_min,dkl_frozen,28,1.565348292516577,-2.7985215224949846,5,7
emass_min,dkl_frozen,29,1.4988758188732674,-1.9876555344978155,13,19
emass_min,random,0,1.371031490130311,-1.5080763518312088,8,12
emass_min,random,1,1.186807720273889,-1.9876555344978155,8,11
emass_min,random,2,1.4946794211869334,-1.4980987198169655,7,9
emass_min,random,3,1.290445170663776,-1.5080763518312088,10,14
emass_min,random,4,1.7050363020027623,-1.4116129842166991,6,8
emass_min,random,5,1.856854095778563,-1.2387867818927916,4,5
emass_min,random,6,1.503680424165425,-1.5080763518312088,9,11
emass_min,random,7,1.3283779501912603,-1.4701435723037242,13,15
emass_min,random,8,1.517361511389789,-1.281160011105196,8,10
emass_min,random,9,1.7247199488438003,-1.1019858541764167,4,10
emass_min,random,10,1.6646895485502125,-1.4116129842166991,9,10
emass_min,random,11,1.6258010226177908,-1.4701435723037242,9,16
emass_min,random,12,1.8996022229655491,-1.356435847503038,3,10
emass_min,random,13,1.2633869819298156,-2.7985215224949846,6,9
emass_min,random,14,1.335401674737511,-1.4701435723037242,7,9
emass_min,random,15,1.502164796781276,-1.4701435723037242,7,10
emass_min,random,16,1.6123361496842574,-1.4980987198169655,6,12
emass_min,random,17,1.6889605569695183,-1.1324266978998243,6,11
emass_min,random,18,1.800009954728605,-1.356435847503038,3,9
emass_min,random,19,1.4479114617211357,-1.4701435723037242,8,13
emass_min,random,20,1.875368722777516,-1.1972858507497235,3,5
emass_min,random,21,1.7011681813232025,-1.1972858507497235,8,10
emass_min,random,22,1.703489098368008,-1.147568192844293,4,7
emass_min,random,23,1.7458668299170026,-1.2387867818927916,9,11
emass_min,random,24,1.4563052832236267,-1.4980987198169655,7,7
emass_min,random,25,1.4184582188324382,-1.4701435723037242,9,11
emass_min,random,26,1.940951756854244,-0.862497350352922,4,7
emass_min,random,27,1.3351442768193278,-1.5080763518312088,11,14
emass_min,random,28,1.7870529306055243,-1.1324266978998243,14,17
emass_min,random,29,1.5340444456622913,-1.4116129842166991,5,8
emass_min,std_gp,0,1.5544269269735462,-1.9876555344978155,25,30
emass_min,std_gp,1,1.3857019821264054,-1.4980987198169655,13,18
emass_min,std_gp,2,2.0024074734325525,-1.1200350327605024,11,17
emass_min,std_gp,3,0.6194136819186123,-2.7985215224949846,21,23
emass_min,std_gp,4,1.4472100401086063,-1.5080763518312088,20,27
emass_min,std_gp,5,0.9356203697409734,-1.9876555344978155,16,17
emass_min,std_gp,6,1.0661035258036218,-1.9876555344978155,17,27
emass_min,std_gp,7,1.2912038262543257,-1.5080763518312088,13,22
emass_min,std_gp,8,1.2684040673239976,-2.7985215224949846,8,13
emass_min,std_gp,9,0.804959376624845,-2.7985215224949846,21,24
emass_min,std_gp,10,1.7778511011314075,-1.4701435723037242,8,15
emass_min,std_gp,11,1.1366480773017105,-1.9876555344978155,23,31
emass_min,std_gp,12,1.557578436296621,-1.4701435723037242,17,25
emass_min,std_gp,13,0.23789432731683732,-2.7985215224949846,11,11
emass_min,std_gp,14,1.1626255229884488,-1.9876555344978155,13,21
emass_min,std_gp,15,1.32392764840173,-1.5080763518312088,18,25
emass_min,std_gp,16,1.0869046968617693,-2.7985215224949846,15,20
emass_min,std_gp,17,1.311752531065803,-1.4980987198169655,20,28
emass_min,std_gp,18,0.38333185340289266,-2.7985215224949846,16,25
emass_min,std_gp,19,0.613706685753206,-2.7985215224949846,21,26
emass_min,std_gp,20,0.7771404094958985,-2.7985215224949846,19,23
emass_min,std_gp,21,1.74635964749668,-1.5080763518312088,7,10
emass_min,std_gp,22,0.9570143348564015,-1.9876555344978155,14,17
emass_min,std_gp,23,0.7663655600613589,-2.7985215224949846,19,23
emass_min,std_gp,24,1.6613892434841864,-1.5080763518312088,15,18
emass_min,std_gp,25,1.4856940929923337,-1.4980987198169655,16,21
emass_min,std_gp,26,1.502646955256428,-1.5080763518312088,21,29
emass_min,std_gp,27,1.3885884279991385,-1.4980987198169655,11,16
emass_min,std_gp,28,1.855523178262672,-1.4116129842166991,8,11
emass_min,std_gp,29,1.2908244984590507,-1.5080763518312088,20,23
gap_max,dkl_cold_live,0,1.906058757995993,7.021843569419415,17,24
gap_max,dkl_cold_live,1,2.2347203769235136,7.021843569419415,27,39
gap_max,dkl_cold_live,2,0.3788665370643104,8.68143673805662,21,27
gap_max,dkl_cold_live,3,2.1765818117541396,7.021843569419415,11,17
gap_max,dkl_cold_live,4,2.7297558691545625,6.800169884150914,21,34
gap_max,dkl_cold_live,5,1.00549079958803,8.68143673805662,22,33
gap_max,dkl_cold_live,6,2.0189389215911517,6.800169884150914,10,14
gap_max,dkl_cold_live,7,2.151533875707034,6.800169884150914,21,36
gap_max,dkl_cold_live,8,0.5344668060975165,8.68143673805662,21,30
gap_max,dkl_cold_live,9,0.713529414794825,8.68143673805662,26,31
gap_max,dkl_cold_live,10,2.1442406442917044,7.351129491723217,23,30
gap_max,dkl_cold_live,11,1.5229343867341465,8.68143673805662,20,32
gap_max,dkl_cold_live,12,1.2219516743973893,7.586685082888464,21,30
gap_max,dkl_cold_live,13,1.4207189321892724,8.68143673805662,21,31
gap_max,dkl_cold_live,14,1.3384132026877702,8.68143673805662,19,29
gap_max,dkl_cold_live,15,1.5972343565467326,8.68143673805662,26,39
gap_max,dkl_cold_live,16,1.6988375580756028,8.68143673805662,26,36
gap_max,dkl_cold_live,17,0.8364065922692145,8.68143673805662,24,32
gap_max,dkl_cold_live,18,2.2162907889176124,8.68143673805662,22,32
gap_max,dkl_cold_live,19,1.4214207397789387,8.68143673805662,24,40
gap_max,dkl_cold_live,20,0.2570992052858482,8.68143673805662,28,37
gap_max,dkl_cold_live,21,2.4198558294887857,6.800169884150914,18,30
gap_max,dkl_cold_live,22,1.894510125027437,7.586685082888464,19,30
gap_max,dkl_cold_live,23,2.0001333972168025,7.00366850108305,20,34
gap_max,dkl_cold_live,24,2.181284072006866,6.800169884150914,16,24
gap_max,dkl_cold_live,25,2.5359973143837164,6.800169884150914,20,33
gap_max,dkl_cold_live,26,1.7513627796996891,7.00366850108305,10,17
gap_max,dkl_cold_live,27,0.6800736129912451,8.68143673805662,18,25
gap_max,dkl_cold_live,28,2.353464168255591,7.00366850108305,15,27
gap_max,dkl_cold_live,29,0.28898320121692356,8.68143673805662,22,32
gap_max,dkl_finetune,0,1.7337697470378917,8.68143673805662,24,37
gap_max,dkl_finetune,1,1.3711885138566566,8.68143673805662,24,32
gap_max,dkl_finetune,2,0.8483394111586742,8.68143673805662,30,39
gap_max,dkl_finetune,3,1.6879522625981018,7.586685082888464,31,49
gap_max,dkl_finetune,4,1.9221841582851158,7.586685082888464,35,53
gap_max,dkl_finetune,5,0.13147623129482544,8.68143673805662,28,36
gap_max,dkl_finetune,6,0.815022691436741,8.68143673805662,23,33
gap_max,dkl_finetune,7,1.4433270175057773,8.68143673805662,27,36
gap_max,dkl_finetune,8,0.28015787723967794,8.68143673805662,21,27
gap_max,dkl_finetune,9,0.8563692911193729,8.68143673805662,26,34
gap_max,dkl_finetune,10,0.8249575530360014,8.68143673805662,19,23
gap_max,dkl_finetune,11,1.3088617485206118,8.68143673805662,32,46
gap_max,dkl_finetune,12,0.5386021964689979,8.68143673805662,28,34
gap_max,dkl_finetune,13,1.9721459739805811,7.021843569419415,23,34
gap_max,dkl_finetune,14,1.8463012268679966,7.351129491723217,23,40
gap_max,dkl_finetune,15,1.9270549699214126,8.68143673805662,27,40
gap_max,dkl_finetune,16,1.7469851749810517,8.68143673805662,27,38
gap_max,dkl_finetune,17,0.3979836348106818,8.68143673805662,25,35
gap_max,dkl_finetune,18,0.6920923626068517,8.68143673805662,25,35
gap_max,dkl_finetune,19,1.1155047688518616,8.68143673805662,23,30
gap_max,dkl_finetune,20,1.211272310577489,8.68143673805662,26,37
gap_max,dkl_finetune,21,0.9210992830537614,8.68143673805662,30,39
gap_max,dkl_finetune,22,0.6154368241977336,8.68143673805662,19,26
gap_max,dkl_finetune,23,1.8036378384680791,7.00366850108305,20,30
gap_max,dkl_finetune,24,1.2899386642606305,7.586685082888464,26,37
gap_max,dkl_finetune,25,0.44453197194095595,8.68143673805662,23,30
gap_max,dkl_finetune,26,0.6128047371621872,8.68143673805662,26,36
gap_max,dkl_finetune,27,1.607293954430624,8.17697667577005,20,31
gap_max,dkl_finetune,28,0.7654017945301397,8.68143673805662,24,35
gap_max,dkl_finetune,29,0.13051188331422856,8.68143673805662,24,30
gap_max,dkl_frozen,0,0.8898636958554956,8.68143673805662,32,45
gap_max,dkl_frozen,1,0.563026831240538,8.68143673805662,33,44
gap_max,dkl_frozen,2,0.17847707243482908,8.68143673805662,31,40
gap_max,dkl_frozen,3,0.6080284290213469,8.572742466226543,32,42
gap_max,dkl_frozen,4,0.9263101243023192,8.68143673805662,32,43
gap_max,dkl_frozen,5,0.6273443886801173,8.68143673805662,29,40
gap_max,dkl_frozen,6,0.3451472980821578,8.572742466226543,34,46
gap_max,dkl_frozen,7,1.2778460427760319,8.572742466226543,30,41
gap_max,dkl_frozen,8,0.11209874818904968,8.68143673805662,32,40
gap_max,dkl_frozen,9,0.9237752148740603,8.572742466226543,35,43
gap_max,dkl_frozen,10,1.415931440448231,7.586685082888464,31,44
gap_max,dkl_frozen,11,1.5769979064226538,8.572742466226543,33,47
gap_max,dkl_frozen,12,0.06516865975464453,8.68143673805662,26,33
gap_max,dkl_frozen,13,1.3651532529847166,8.68143673805662,28,40
gap_max,dkl_frozen,14,0.36826292400725863,8.68143673805662,34,48
gap_max,dkl_frozen,15,1.4537321850347826,8.68143673805662,28,38
gap_max,dkl_frozen,16,0.7026380853051469,8.572742466226543,27,38
gap_max,dkl_frozen,17,0.4553363418706614,8.572742466226543,31,42
gap_max,dkl_frozen,18,1.516628970808314,8.68143673805662,40,53
gap_max,dkl_frozen,19,0.10843040883403399,8.68143673805662,32,40
gap_max,dkl_frozen,20,1.661265599539279,8.572742466226543,27,41
gap_max,dkl_frozen,21,1.0430880867056642,8.68143673805662,34,48
gap_max,dkl_frozen,22,0.44487263788892906,8.68143673805662,37,45
gap_max,dkl_frozen,23,0.5581514041905775,8.68143673805662,32,43
gap_max,dkl_frozen,24,1.2629905531302859,8.572742466226543,29,39
gap_max,dkl_frozen,25,1.3810832063502785,8.572742466226543,32,45
gap_max,dkl_frozen,26,1.149531507437453,8.572742466226543,27,40
gap_max,dkl_frozen,27,0.7271409970914888,8.68143673805662,39,52
gap_max,dkl_frozen,28,1.7502849784863392,7.586685082888464,30,42
gap_max,dkl_frozen,29,0.14231771517186026,8.68143673805662,28,38
gap_max,random,0,1.7978047739836465,8.572742466226543,7,12
gap_max,random,1,3.0815588011059365,6.552578158599866,4,9
gap_max,random,2,2.2367585468877693,7.021843569419415,5,10
gap_max,random,3,2.534615024273524,7.351129491723217,8,9
gap_max,random,4,2.251813811036688,7.586685082888464,8,13
gap_max,random,5,2.8654598654867285,7.021843569419415,4,8
gap_max,random,6,2.398627290284671,7.021843569419415,8,10
gap_max,random,7,0.7506666847051554,8.572742466226543,5,5
gap_max,random,8,2.5697351553290537,6.615898979552831,4,8
gap_max,random,9,2.0276195538340396,7.00366850108305,11,14
gap_max,random,10,2.8858387988163514,6.795183220703832,7,10
gap_max,random,11,2.961338147767939,6.135935277588135,7,12
gap_max,random,12,1.330307246333403,7.351129491723217,6,12
gap_max,random,13,2.0230589870855584,8.17697667577005,7,11
gap_max,random,14,1.3092468585546704,8.68143673805662,7,7
gap_max,random,15,1.1417254065033555,8.17697667577005,6,7
gap_max,random,16,2.119621603955193,6.615898979552831,6,9
gap_max,random,17,2.548578479953791,6.181179018284299,5,10
gap_max,random,18,1.7290108021591075,8.68143673805662,12,18
gap_max,random,19,2.1288585794567543,6.552578158599866,2,4
gap_max,random,20,1.8379307967611254,7.351129491723217,12,13
gap_max,random,21,2.2880132747411954,7.021843569419415,7,9
gap_max,random,22,2.875122883256671,6.384168509690626,5,7
gap_max,random,23,0.7696745990414057,8.68143673805662,10,12
gap_max,random,24,1.6111442705724042,8.572742466226543,6,12
gap_max,random,25,3.0104145739071773,8.68143673805662,8,9
gap_max,random,26,0.5523727460222887,8.68143673805662,11,13
gap_max,random,27,1.094751655168156,7.586685082888464,7,11
gap_max,random,28,2.3965837369333824,6.795183220703832,4,5
gap_max,random,29,1.2245417552555369,8.572742466226543,6,10
gap_max,std_gp,0,0.24360990221244003,8.68143673805662,22,33
gap_max,std_gp,1,1.6232964156873564,8.572742466226543,20,28
gap_max,std_gp,2,0.3358441102844385,8.68143673805662,23,29
gap_max,std_gp,3,1.9011507742984048,8.68143673805662,26,39
gap_max,std_gp,4,1.066045811607353,8.68143673805662,23,29
gap_max,std_gp,5,0.6581677584289334,8.68143673805662,15,21
gap_max,std_gp,6,1.1823727052498514,8.68143673805662,25,35
gap_max,std_gp,7,0.7722201992267324,8.68143673805662,23,31
gap_max,std_gp,8,0.3075204402027867,8.68143673805662,22,31
gap_max,std_gp,9,1.6500088262271453,8.68143673805662,14,18
gap_max,std_gp,10,0.5285596893551601,8.68143673805662,23,29
gap_max,std_gp,11,1.4837990510472372,8.68143673805662,17,23
gap_max,std_gp,12,0.058590379275762584,8.68143673805662,21,27
gap_max,std_gp,13,0.6402572725071057,8.68143673805662,30,38
gap_max,std_gp,14,0.23103752000833114,8.68143673805662,24,31
gap_max,std_gp,15,0.5027718891812312,8.68143673805662,23,31
gap_max,std_gp,16,0.44373027414009286,8.68143673805662,24,30
gap_max,std_gp,17,0.74205697426981,8.68143673805662,22,30
gap_max,std_gp,18,0.8924387638502266,8.68143673805662,26,35
gap_max,std_gp,19,0.14119963347784315,8.68143673805662,20,27
gap_max,std_gp,20,0.6733050769426147,8.68143673805662,22,32
gap_max,std_gp,21,0.08020273092469506,8.68143673805662,14,21
gap_max,std_gp,22,0.2456018022545032,8.68143673805662,23,30
gap_max,std_gp,23,0.46406948281096505,8.68143673805662,20,30
gap_max,std_gp,24,0.5772327409608267,8.68143673805662,23,32
gap_max,std_gp,25,0.33048245840695933,8.68143673805662,26,31
gap_max,std_gp,26,0.6479483693759093,8.68143673805662,29,38
gap_max,std_gp,27,0.7795799057060138,8.68143673805662,23,31
gap_max,std_gp,28,1.975465560912635,8.68143673805662,14,21
gap_max,std_gp,29,0.23965356003148336,8.68143673805662,22,32
gap_min,dkl_cold_live,0,0.1523128601938839,0.0285505003849553,12,15
gap_min,dkl_cold_live,1,0.13119502674633618,0.0251957465056906,19,28
gap_min,dkl_cold_live,2,0.0340752936907688,0.0285505003849553,12,23
gap_min,dkl_cold_live,3,0.038443062057349126,0.0254964677985545,8,12
gap_min,dkl_cold_live,4,0.005748728327213046,0.0254964677985545,9,13
gap_min,dkl_cold_live,5,0.0930015454461849,0.0285505003849553,22,35
gap_min,dkl_cold_live,6,0.13114878592208432,0.131725177725042,14,23
gap_min,dkl_cold_live,7,0.01456115686025391,0.0285505003849553,19,31
gap_min,dkl_cold_live,8,0.13981604986005883,0.0285505003849553,13,18
gap_min,dkl_cold_live,9,0.03364244987998662,0.0254964677985545,16,23
gap_min,dkl_cold_live,10,0.12933502746925893,0.0197477394713414,14,28
gap_min,dkl_cold_live,11,0.0054480070343491446,0.0251957465056906,8,14
gap_min,dkl_cold_live,12,0.28332863180737433,0.0615568658953518,15,19
gap_min,dkl_cold_live,13,0.11019941495412543,0.0325404120411192,21,29
gap_min,dkl_cold_live,14,0.05092111242124462,0.0197477394713414,16,28
gap_min,dkl_cold_live,15,-5.204170427930421e-17,0.0197477394713414,17,29
gap_min,dkl_cold_live,16,0.09138218048676704,0.0254964677985545,22,32
gap_min,dkl_cold_live,17,0.014185442889130224,0.0197477394713414,14,23
gap_min,dkl_cold_live,18,0.1639036269656948,0.0694846106299904,14,18
gap_min,dkl_cold_live,19,0.21071077672462235,0.0285505003849553,18,31
gap_min,dkl_cold_live,20,0.08139278548357112,0.0197477394713414,13,18
gap_min,dkl_cold_live,21,0.3930897455525165,0.0285505003849553,14,26
gap_min,dkl_cold_live,22,0.018540466406036567,0.0197477394713414,19,30
gap_min,dkl_cold_live,23,0.11927386726624273,0.0254964677985545,25,39
gap_min,dkl_cold_live,24,0.05255825870425948,0.0254964677985545,14,24
gap_min,dkl_cold_live,25,0.04111524952334957,0.0361756376238124,17,28
gap_min,dkl_cold_live,26,0.15657333421741476,0.0197477394713414,16,28
gap_min,dkl_cold_live,27,0.03441653769773344,0.0197477394713414,15,27
gap_min,dkl_cold_live,28,0.21842249144169293,0.0325404120411192,12,18
gap_min,dkl_cold_live,29,0.046126283316780085,0.0361756376238124,18,33
gap_min,dkl_finetune,0,0.1726558897891685,0.0285505003849553,14,27
gap_min,dkl_finetune,1,0.26474591325665464,0.0254964677985545,18,32
gap_min,dkl_finetune,2,0.027520548916916254,0.0285505003849553,21,34
gap_min,dkl_finetune,3,0.036468193714243965,0.0285505003849553,18,26
gap_min,dkl_finetune,4,0.0027019023137901032,0.0197477394713414,15,19
gap_min,dkl_finetune,5,0.051485702113877485,0.0197477394713414,13,21
gap_min,dkl_finetune,6,0.047201823152622585,0.0197477394713414,22,38
gap_min,dkl_finetune,7,0.048062479832627396,0.0197477394713414,15,20
gap_min,dkl_finetune,8,0.07845001233854301,0.0285505003849553,19,32
gap_min,dkl_finetune,9,0.0453117747978998,0.0251957465056906,8,15
gap_min,dkl_finetune,10,0.12335622533752001,0.0251957465056906,17,22
gap_min,dkl_finetune,11,0.0010351213365262955,0.0197477394713414,14,20
gap_min,dkl_finetune,12,0.05587759181500441,0.0251957465056906,27,39
gap_min,dkl_finetune,13,0.09259944798352102,0.0285505003849553,22,27
gap_min,dkl_finetune,14,0.07639832525028639,0.0285505003849553,17,30
gap_min,dkl_finetune,15,-5.204170427930421e-17,0.0197477394713414,14,24
gap_min,dkl_finetune,16,0.053948700640014516,0.0694846106299904,20,26
gap_min,dkl_finetune,17,0.043482357016999484,0.0285505003849553,14,18
gap_min,dkl_finetune,18,0.0838500762001822,0.0254964677985545,17,25
gap_min,dkl_finetune,19,0.1896156456810916,0.0694846106299904,18,27
gap_min,dkl_finetune,20,0.06479303859138164,0.0197477394713414,14,20
gap_min,dkl_finetune,21,0.08874301762861661,0.0285505003849553,13,19
gap_min,dkl_finetune,22,0.03711161455210663,0.0285505003849553,22,34
gap_min,dkl_finetune,23,0.052109692672732265,0.0197477394713414,18,33
gap_min,dkl_finetune,24,0.05918720749421094,0.0197477394713414,19,26
gap_min,dkl_finetune,25,0.022797394864379945,0.0254964677985545,13,15
gap_min,dkl_finetune,26,0.2981033259180684,0.0197477394713414,17,32
gap_min,dkl_finetune,27,0.06094638608494469,0.0285505003849553,17,32
gap_min,dkl_finetune,28,0.1507940794304382,0.0285505003849553,16,26
gap_min,dkl_finetune,29,0.022764838802868014,0.0325404120411192,18,25
gap_min,dkl_frozen,0,0.10666806915599551,0.0254964677985545,16,20
gap_min,dkl_frozen,1,0.0350181874082152,0.0197477394713414,20,30
gap_min,dkl_frozen,2,0.010810336096239846,0.0197477394713414,19,24
gap_min,dkl_frozen,3,0.13292698967585032,0.0254964677985545,17,24
gap_min,dkl_frozen,4,0.005748728327213046,0.0254964677985545,18,28
gap_min,dkl_frozen,5,0.019145520740379847,0.0251957465056906,18,26
gap_min,dkl_frozen,6,0.03085752757985099,0.0197477394713414,26,33
gap_min,dkl_frozen,7,0.019028032209781724,0.0251957465056906,19,27
gap_min,dkl_frozen,8,0.08891155751827302,0.0197477394713414,23,31
gap_min,dkl_frozen,9,0.020684565250123715,0.0285505003849553,22,28
gap_min,dkl_frozen,10,0.03148174169847307,0.0197477394713414,19,26
gap_min,dkl_frozen,11,0.004303925557135813,0.0197477394713414,14,22
gap_min,dkl_frozen,12,0.05533871607697996,0.0251957465056906,19,25
gap_min,dkl_frozen,13,0.05181759090165763,0.0285505003849553,25,31
gap_min,dkl_frozen,14,0.05028652389157319,0.0285505003849553,22,29
gap_min,dkl_frozen,15,-5.204170427930421e-17,0.0197477394713414,23,32
gap_min,dkl_frozen,16,0.054174758982883514,0.0254964677985545,24,30
gap_min,dkl_frozen,17,0.08624467162695408,0.0197477394713414,24,30
gap_min,dkl_frozen,18,0.0945358254733999,0.0361756376238124,17,23
gap_min,dkl_frozen,19,0.028082500964339143,0.0254964677985545,23,32
gap_min,dkl_frozen,20,0.1623039146366369,0.0254964677985545,13,20
gap_min,dkl_frozen,21,0.1747311349536912,0.0197477394713414,22,25
gap_min,dkl_frozen,22,0.01889150798600339,0.0254964677985545,20,27
gap_min,dkl_frozen,23,0.08600931377457878,0.0254964677985545,22,36
gap_min,dkl_frozen,24,0.02744716638160051,0.0285505003849553,25,32
gap_min,dkl_frozen,25,0.07550260667785605,0.0254964677985545,23,38
gap_min,dkl_frozen,26,0.05804029109270752,0.0285505003849553,22,30
gap_min,dkl_frozen,27,0.05993174383626107,0.0254964677985545,23,33
gap_min,dkl_frozen,28,0.17669574289848483,0.0285505003849553,22,28
gap_min,dkl_frozen,29,0.1184646214008123,0.0285505003849553,18,33
gap_min,random,0,0.10639671236389912,0.1081064343973838,4,10
gap_min,random,1,0.07970133200493232,0.0254964677985545,8,11
gap_min,random,2,0.09792183178740616,0.1176695712587476,4,8
gap_min,random,3,0.026613760592344174,0.0251957465056906,10,13
gap_min,random,4,0.005748728327213046,0.0254964677985545,7,15
gap_min,random,5,0.08637861341571916,0.0197477394713414,5,11
gap_min,random,6,0.14644030945064665,0.0285505003849553,5,11
gap_min,random,7,0.018436100796767982,0.0254964677985545,8,11
gap_min,random,8,0.08121249304288089,0.0783605197550334,9,10
gap_min,random,9,0.24643884764381116,0.2661865871151526,4,5
gap_min,random,10,0.27025321296452093,0.0251957465056906,9,15
gap_min,random,11,0.0045218458385097825,0.0197477394713414,10,11
gap_min,random,12,0.07273098595523309,0.0251957465056906,7,11
gap_min,random,13,0.3320591412478805,0.0197477394713414,6,10
gap_min,random,14,0.2789582019957248,0.0254964677985545,5,13
gap_min,random,15,-5.204170427930421e-17,0.0197477394713414,6,10
gap_min,random,16,0.311809598732401,0.1176695712587476,7,12
gap_min,random,17,0.10429518798633841,0.0361756376238124,7,10
gap_min,random,18,0.28642778473795283,0.1081064343973838,8,11
gap_min,random,19,0.06820343568127461,0.0694846106299904,8,9
gap_min,random,20,0.42736407554209477,0.1081064343973838,5,8
gap_min,random,21,0.18366284912500777,0.0251957465056906,6,8
gap_min,random,22,0.07870323898419397,0.0694846106299904,4,6
gap_min,random,23,0.08518035188338603,0.0325404120411192,6,10
gap_min,random,24,0.06044581642835335,0.0251957465056906,8,13
gap_min,random,25,0.22718701678898184,0.0783605197550334,7,10
gap_min,random,26,0.2396944973253925,0.0197477394713414,8,11
gap_min,random,27,0.24671301219108066,0.0254964677985545,7,9
gap_min,random,28,0.14991353762300236,0.0325404120411192,6,10
gap_min,random,29,0.06616236429714212,0.0251957465056906,4,7
gap_min,std_gp,0,0.06587383613565397,0.0197477394713414,18,34
gap_min,std_gp,1,0.03800447725400181,0.0197477394713414,23,31
gap_min,std_gp,2,0.038420337297713554,0.0285505003849553,17,25
gap_min,std_gp,3,0.07445071587717615,0.0197477394713414,24,37
gap_min,std_gp,4,0.005529201783422397,0.0251957465056906,21,33
gap_min,std_gp,5,0.009857553905752396,0.0197477394713414,18,25
gap_min,std_gp,6,0.06082474089448714,0.0197477394713414,18,25
gap_min,std_gp,7,0.014636379133169371,0.0251957465056906,24,31
gap_min,std_gp,8,0.07676731404611034,0.0251957465056906,14,20
gap_min,std_gp,9,0.06935536574416341,0.0197477394713414,17,26
gap_min,std_gp,10,0.08760413734872602,0.0197477394713414,21,30
gap_min,std_gp,11,0.005393526964005654,0.0197477394713414,16,20
gap_min,std_gp,12,0.0838294307103106,0.0197477394713414,27,33
gap_min,std_gp,13,0.09679632410613286,0.0254964677985545,26,37
gap_min,std_gp,14,0.07300397308724099,0.0254964677985545,19,28
gap_min,std_gp,15,-5.204170427930421e-17,0.0197477394713414,17,28
gap_min,std_gp,16,0.08521215558338477,0.0197477394713414,18,24
gap_min,std_gp,17,0.09474642970376378,0.0197477394713414,21,30
gap_min,std_gp,18,0.30975543740726835,0.0783605197550334,13,20
gap_min,std_gp,19,0.1052857560806495,0.0197477394713414,21,31
gap_min,std_gp,20,0.057569286997303036,0.0254964677985545,21,29
gap_min,std_gp,21,0.1376828408117718,0.0197477394713414,24,27
gap_min,std_gp,22,0.0026507608477812183,0.0197477394713414,21,26
gap_min,std_gp,23,0.04445264215893339,0.0254964677985545,14,21
gap_min,std_gp,24,0.12719253297018648,0.0197477394713414,15,25
gap_min,std_gp,25,0.09620300316460302,0.0361756376238124,10,18
gap_min,std_gp,26,0.030651166192074336,0.0197477394713414,26,41
gap_min,std_gp,27,0.13552670729097877,0.0197477394713414,18,33
gap_min,std_gp,28,0.21192985345638796,0.0254964677985545,15,24
gap_min,std_gp,29,0.09446066998305006,0.0251957465056906,16,21
