method,seed,cycle,uid,gap_acquired,acquisition_fn,best_so_far,n_labelled,is_top50,is_top10pct,cumul_top50,cumul_top10pct,train_time_s,predict_time_s
std_gp,3,1,2ClLiO2H4-1,6.111150256482566,ei,6.395484663595209,11,True,True,1,1,0.162,0.01
std_gp,3,2,2BNaH4O4-1,6.454110000858065,ei,6.454110000858065,12,True,True,2,2,0.164,0.012
std_gp,3,3,1MgLi2S2H4O8-1,6.020060696821162,ei,6.454110000858065,13,True,True,3,3,0.163,0.012
std_gp,3,4,1MgLi2Se2H4O8-1,6.069699781154093,ei,6.454110000858065,14,True,True,4,4,0.164,0.012
std_gp,3,5,2SVH2O5-1,3.771349439801173,ei,6.454110000858065,15,False,False,4,4,0.164,0.009
std_gp,3,6,1GeLi2H6O6-1,5.821184641245672,ei,6.454110000858065,16,False,True,4,5,0.165,0.012
std_gp,3,7,1MgH2O2-1,5.028010763049256,ei,6.454110000858065,17,False,False,4,5,0.165,0.012
std_gp,3,8,2CaP2O6-1,7.038376448379054,ei,7.038376448379054,18,True,True,5,6,0.168,0.012
std_gp,3,9,1AlNaI4O12-1,4.26911750794037,ei,7.038376448379054,19,False,False,5,6,0.166,0.009
std_gp,3,10,2CaCl2O2H4-1,7.085091451707623,ei,7.085091451707623,20,True,True,6,7,0.167,0.012
std_gp,3,11,2SrCl2O2H4-1,6.943333130338282,ei,7.085091451707623,21,True,True,7,8,0.167,0.012
std_gp,3,12,2CaBr2O2H4-1,6.093318049576215,ei,7.085091451707623,22,True,True,8,9,0.167,0.012
std_gp,3,13,2SrP2O6-1,6.873763907240447,ei,7.085091451707623,23,True,True,9,10,0.167,0.009
std_gp,3,14,1SrP2F12-1,9.426418483475762,ei,9.426418483475762,24,True,True,10,11,0.169,0.012
std_gp,3,15,1BaP2F12-1,9.582344405541459,ei,9.582344405541459,25,True,True,11,12,0.168,0.012
std_gp,3,16,2SrF2O2H4-1,7.694953668993825,ei,9.582344405541459,26,True,True,12,13,0.169,0.012
std_gp,3,17,2FOY-1,6.726879214939499,ei,9.582344405541459,27,True,True,13,14,0.169,0.009
std_gp,3,18,1BaSb2F12-1,7.344033209756923,ei,9.582344405541459,28,True,True,14,15,0.169,0.012
std_gp,3,19,2Bi-1,0.6111082036557421,ei,9.582344405541459,29,False,False,14,15,0.169,0.012
std_gp,3,20,1MgF2-1,9.796043658608728,ei,9.796043658608728,30,True,True,15,16,0.172,0.012
std_gp,3,21,1MgB2F8-1,10.617772574966029,ei,10.617772574966029,31,True,True,16,17,0.172,0.009
std_gp,3,22,2B2O3-1,8.004683736174364,ei,10.617772574966029,32,True,True,17,18,0.172,0.012
std_gp,3,23,1MnP2F12-1,6.441105521864005,ei,10.617772574966029,33,True,True,18,19,0.172,0.012
std_gp,3,24,2SbF3-1,6.459002884347144,ei,10.617772574966029,34,True,True,19,20,0.171,0.012
std_gp,3,25,2NC3-1,1.0137469536167552,ei,10.617772574966029,35,False,False,19,20,0.172,0.009
std_gp,3,26,1BaI2-1,4.873623187282922,ei,10.617772574966029,36,False,False,19,20,0.171,0.012
std_gp,3,27,1TiF2-1,2.0961952531252583,ei,10.617772574966029,37,False,False,19,20,0.175,0.012
std_gp,3,28,1Br2Hf3O5-1,4.925663945295126,ei,10.617772574966029,38,False,False,19,20,0.175,0.012
std_gp,3,29,1AuSnF6-1,2.420209140850937,ei,10.617772574966029,39,False,False,19,20,0.174,0.009
std_gp,3,30,2BiI-1,1.0197732917749878,ei,10.617772574966029,40,False,False,19,20,0.175,0.012
std_gp,3,31,1BaBr2-1,6.030512225994435,ei,10.617772574966029,41,True,True,20,21,0.173,0.012
std_gp,3,32,2SCs2-1,2.0885938848469348,ei,10.617772574966029,42,False,False,20,21,0.174,0.012
std_gp,3,33,1ScH2-1,0.5494590302526128,ei,10.617772574966029,43,False,False,20,21,0.174,0.009
std_gp,3,34,2TeW-5,0.0967394151522809,ei,10.617772574966029,44,False,False,20,21,0.177,0.012
std_gp,3,35,2OK2-1,1.8342979026326423,ei,10.617772574966029,45,False,False,20,21,0.177,0.012
std_gp,3,36,1ScI2-2,0.572694814457046,ei,10.617772574966029,46,False,False,20,21,0.178,0.012
std_gp,3,37,1MgF2O2-1,5.5580529267601015,ei,10.617772574966029,47,False,True,20,22,0.178,0.009
std_gp,3,38,2Ge2H2O5-1,5.489444230641681,ei,10.617772574966029,48,False,True,20,23,0.178,0.012
std_gp,3,39,1HfO2-1,6.592802877815347,ei,10.617772574966029,49,True,True,21,24,0.177,0.012
std_gp,3,40,1SrBr2Ca2S2-1,4.244068025794117,ei,10.617772574966029,50,False,False,21,24,0.181,0.012
std_gp,3,41,2OSc-1,1.1937239071608414,ei,10.617772574966029,51,False,False,21,24,0.181,0.009
std_gp,3,42,2FPb-1,0.18384154988005408,ei,10.617772574966029,52,False,False,21,24,0.182,0.012
std_gp,3,43,4AuNaSe-1,1.9838683901192833,ei,10.617772574966029,53,False,False,21,24,0.184,0.012
std_gp,3,44,2AgClNC3H4-1,3.277918757301032,ei,10.617772574966029,54,False,False,21,24,0.185,0.012
std_gp,3,45,1CH2Sc2-1,2.008994817721328,ei,10.617772574966029,55,False,False,21,24,0.181,0.009
std_gp,3,46,1SrF2O2-1,5.412821877678857,ei,10.617772574966029,56,False,True,21,25,0.182,0.012
std_gp,3,47,1BaI2-2,4.273588336806361,ei,10.617772574966029,57,False,False,21,25,0.184,0.012
std_gp,3,48,1TiO2-1,5.218116611537117,ei,10.617772574966029,58,False,True,21,26,0.185,0.012
std_gp,3,49,2HfZrS4-1,2.1481623332639375,ei,10.617772574966029,59,False,False,21,26,0.184,0.009
std_gp,3,50,2FLiS-2,2.9232638242360673,ei,10.617772574966029,60,False,False,21,26,0.185,0.012
std_gp,3,51,1HfO2-3,3.725815645985811,ei,10.617772574966029,61,False,False,21,26,0.185,0.012
std_gp,3,52,1MgF2S2-1,3.8404014268574946,ei,10.617772574966029,62,False,False,21,26,0.185,0.012
std_gp,3,53,1MnBi2Te4-1,0.656017264701129,ei,10.617772574966029,63,False,False,21,26,0.184,0.009
std_gp,3,54,1BSb-1,0.5513885378099415,ei,10.617772574966029,64,False,False,21,26,0.189,0.012
std_gp,3,55,1HfH2O2-1,0.8534519831110916,ei,10.617772574966029,65,False,False,21,26,0.188,0.012
std_gp,3,56,2Sn-1,0.08248983228936257,ei,10.617772574966029,66,False,False,21,26,0.188,0.012
std_gp,3,57,2F2Hg5-1,1.5440761068724873,ei,10.617772574966029,67,False,False,21,26,0.189,0.009
std_gp,3,58,1ScO2-2,3.7687367572730257,ei,10.617772574966029,68,False,False,21,26,0.19,0.012
std_gp,3,59,1NiCl2O8-1,5.2965962215884055,ei,10.617772574966029,69,False,True,21,27,0.19,0.012
std_gp,3,60,2ClCuF-1,2.494823584115562,ei,10.617772574966029,70,False,False,21,27,0.193,0.012
std_gp,3,61,2AgCrP2S6-1,2.715331098741717,ei,10.617772574966029,71,False,False,21,27,0.192,0.009
std_gp,3,62,2NNaOOsCl5-1,1.7617803111009591,ei,10.617772574966029,72,False,False,21,27,0.193,0.012
std_gp,3,63,1BiFS2O6-1,3.804722419858555,ei,10.617772574966029,73,False,False,21,27,0.191,0.012
std_gp,3,64,1RuCl2-3,0.9078805846875635,ei,10.617772574966029,74,False,False,21,27,0.192,0.012
std_gp,3,65,2CsC3N3Se3-1,2.808324294296037,ei,10.617772574966029,75,False,False,21,27,0.192,0.009
std_gp,3,66,2ClCuNC3F4-1,2.305718428784305,ei,10.617772574966029,76,False,False,21,27,0.195,0.012
std_gp,3,67,1BN-1,5.6754492898906905,ei,10.617772574966029,77,False,True,21,28,0.195,0.012
std_gp,3,68,1BaCl2-2,6.098517424967267,ei,10.617772574966029,78,True,True,22,29,0.196,0.012
std_gp,3,69,2ScSe-3,0.9327595285196537,ei,10.617772574966029,79,False,False,22,29,0.196,0.009
std_gp,3,70,1TiH2-1,0.388021802469787,ei,10.617772574966029,80,False,False,22,29,0.197,0.012
std_gp,3,71,2HRbSeO3-1,3.1629635975875994,ei,10.617772574966029,81,False,False,22,29,0.196,0.012
std_gp,3,72,2AlO-1,1.8491787800599426,ei,10.617772574966029,82,False,False,22,29,0.198,0.012
std_gp,3,73,2P2S3-1,3.271936278262573,ei,10.617772574966029,83,False,False,22,29,0.199,0.009
std_gp,3,74,4AuF2-1,1.2860629579115832,ei,10.617772574966029,84,False,False,22,29,0.2,0.011
std_gp,3,75,1ScCl2-1,0.7357934650845026,ei,10.617772574966029,85,False,False,22,29,0.2,0.012
std_gp,3,76,1ZrO2-3,3.5608227628391007,ei,10.617772574966029,86,False,False,22,29,0.202,0.012
std_gp,3,77,1MgB2H8-1,7.486423969633201,ei,10.617772574966029,87,True,True,23,30,0.201,0.009
std_gp,3,78,1WO2-1,2.0968675991813504,ei,10.617772574966029,88,False,False,23,30,0.204,0.012
std_gp,3,79,2HfTe-4,0.14481964133160097,ei,10.617772574966029,89,False,False,23,30,0.201,0.012
std_gp,3,80,2AuBr3-1,1.6434256166566183,ei,10.617772574966029,90,False,False,23,30,0.206,0.012
std_gp,3,81,6AuI-1,1.7034054648996437,ei,10.617772574966029,91,False,False,23,30,0.205,0.009
std_gp,3,82,1HfSe2-1,1.2194114526727233,ei,10.617772574966029,92,False,False,23,30,0.207,0.012
std_gp,3,83,2CF-1,4.908943266382381,ei,10.617772574966029,93,False,False,23,30,0.205,0.012
std_gp,3,84,2MoF3-2,2.6089472714135282,ei,10.617772574966029,94,False,False,23,30,0.208,0.012
std_gp,3,85,2P2O3-2,5.3628804018511484,ei,10.617772574966029,95,False,True,23,31,0.207,0.009
std_gp,3,86,1CdF2O2-1,3.61525786132775,ei,10.617772574966029,96,False,False,23,31,0.209,0.012
std_gp,3,87,2BKH4S4-1,5.160871484354146,ei,10.617772574966029,97,False,False,23,31,0.208,0.011
std_gp,3,88,2HSi-1,2.8615552106577553,ei,10.617772574966029,98,False,False,23,31,0.21,0.011
std_gp,3,89,2BrOY-1,4.775862881068465,ei,10.617772574966029,99,False,False,23,31,0.213,0.009
std_gp,3,90,1PdO2-3,0.14122019648751705,ei,10.617772574966029,100,False,False,23,31,0.213,0.012
std_gp,3,91,1Ta2W2O11-1,4.548981950507414,ei,10.617772574966029,101,False,False,23,31,0.212,0.012
std_gp,3,92,1NiH2O2-1,3.271934327387261,ei,10.617772574966029,102,False,False,23,31,0.214,0.012
std_gp,3,93,1Sc2Te5O13-1,4.558823293613306,ei,10.617772574966029,103,False,False,23,31,0.216,0.009
std_gp,3,94,6STl2-1,1.7986051645904544,ei,10.617772574966029,104,False,False,23,31,0.22,0.011
std_gp,3,95,4SAs2Se2-1,2.166805752906377,ei,10.617772574966029,105,False,False,23,31,0.091,0.012
std_gp,3,96,1BaH2O2-1,5.260634798908016,ei,10.617772574966029,106,False,True,23,32,0.062,0.011
std_gp,3,97,1BP-1,1.361716889120115,ei,10.617772574966029,107,False,False,23,32,0.129,0.009
std_gp,3,98,1ZnF2-1,7.04070118337718,ei,10.617772574966029,108,True,True,24,33,0.125,0.011
std_gp,3,99,1PdO2-1,2.87549230071145,ei,10.617772574966029,109,False,False,24,33,0.223,0.012
std_gp,3,100,2FSi-1,1.491619565114505,ei,10.617772574966029,110,False,False,24,33,0.172,0.011
