cycle,uid,gap_acquired,acquisition_fn,best_so_far,n_labelled,is_top50,is_top10pct,cumul_top50,cumul_top10pct,train_time_s,predict_time_s
1,1MgB2H8-1,7.486423969633201,ucb,7.486423969633201,11,True,True,1,1,1.508,0.009
2,1MnP2F12-1,6.441105521864005,ucb,7.486423969633201,12,False,True,1,2,0.339,0.005
3,2CoFO-1,1.3899900543041452,ucb,7.486423969633201,13,False,False,1,2,0.354,0.005
4,2BNaH4O4-1,6.454110000858065,ucb,7.486423969633201,14,False,True,1,3,0.35,0.005
5,2BLiH4O4-1,6.616432628917067,ucb,7.486423969633201,15,False,True,1,4,0.346,0.004
6,2CH-1,4.4211110950264505,ucb,7.486423969633201,16,False,False,1,4,1.17,0.005
7,1MgLi2S2H4O8-1,6.020060696821162,ucb,7.486423969633201,17,False,True,1,5,0.367,0.004
8,2AlHSO4-1,6.800169884150914,ucb,7.486423969633201,18,False,True,1,6,0.361,0.005
9,2CoHO2-1,2.5963145090799253,ucb,7.486423969633201,19,False,False,1,6,0.354,0.004
10,1SrP2F12-1,9.426418483475762,ucb,9.426418483475762,20,True,True,2,7,0.343,0.004
11,2CF-1,4.908943266382381,ucb,9.426418483475762,21,False,False,2,7,1.221,0.004
12,6FLi-1,8.825406810873499,ucb,9.426418483475762,22,True,True,3,8,0.337,0.005
13,1CrO2-2,1.1440773459972675,ucb,9.426418483475762,23,False,False,3,8,0.358,0.005
14,2CoFO2-1,2.473459086782842,ucb,9.426418483475762,24,False,False,3,8,0.37,0.005
15,1CrMo3O8-1,1.3512016747745197,ucb,9.426418483475762,25,False,False,3,8,0.339,0.005
16,2NC3-1,1.0137469536167552,ucb,9.426418483475762,26,False,False,3,8,1.287,0.008
17,2AlFO-1,7.451110094646179,ucb,9.426418483475762,27,True,True,4,9,0.371,0.005
18,2AlAsO3-1,5.969293617398447,ucb,9.426418483475762,28,False,True,4,10,0.353,0.005
19,1MgB2F8-1,10.617772574966029,ucb,10.617772574966029,29,True,True,5,11,0.354,0.004
20,1NiN2C4O4H8-1,4.25609836377534,ucb,10.617772574966029,30,False,False,5,11,0.343,0.004
21,4FLi-1,8.826324065442112,ucb,10.617772574966029,31,True,True,6,12,1.231,0.005
22,1NiO2-1,3.311206469863219,ucb,10.617772574966029,32,False,False,6,12,0.386,0.004
23,1MnO2-1,4.136989447015512,ucb,10.617772574966029,33,False,False,6,12,0.475,0.009
24,2AlO2-2,1.6450864500759126,ucb,10.617772574966029,34,False,False,6,12,0.386,0.005
25,1GeLi2H6O6-1,5.821184641245672,ucb,10.617772574966029,35,False,True,6,13,0.386,0.005
26,2AlF3-2,10.791584270238179,ucb,10.791584270238179,36,True,True,7,14,1.509,0.004
27,1GeO2-1,5.355296396300146,ucb,10.791584270238179,37,False,True,7,15,0.36,0.004
28,1MgF2-1,9.796043658608728,ucb,10.791584270238179,38,True,True,8,16,0.361,0.005
29,1GeO2-3,2.945040655445716,ucb,10.791584270238179,39,False,False,8,16,0.339,0.004
30,1Cd2Mn3O8-1,3.2084256568344345,ucb,10.791584270238179,40,False,False,8,16,0.331,0.005
31,1SnO2-1,4.204344282699862,ucb,10.791584270238179,41,False,False,8,16,1.201,0.005
32,1SnO2-3,1.9563045276398068,ucb,10.791584270238179,42,False,False,8,16,0.337,0.004
33,1BaP2F12-1,9.582344405541459,ucb,10.791584270238179,43,True,True,9,17,0.334,0.005
34,2AlSbO3-1,5.156947113710846,ucb,10.791584270238179,44,False,True,9,18,0.335,0.004
35,1CdF2O2Sn2-1,3.5775631070563767,ucb,10.791584270238179,45,False,False,9,18,0.333,0.004
36,1CdF2-1,5.854292806657696,ucb,10.791584270238179,46,False,True,9,19,1.204,0.005
37,1SrSb2F12-1,7.2202620542179705,ucb,10.791584270238179,47,True,True,10,20,0.319,0.004
38,1MnSb2F12-1,4.059658821158711,ucb,10.791584270238179,48,False,False,10,20,0.327,0.004
39,1SrAs2F12-1,7.119181141262384,ucb,10.791584270238179,49,True,True,11,21,0.356,0.005
40,1BaSb2F12-1,7.344033209756923,ucb,10.791584270238179,50,True,True,12,22,0.361,0.005
41,1FeHfH6-1,3.294382919558046,ucb,10.791584270238179,51,False,False,12,22,1.251,0.006
42,1CdO2-1,1.0279080648727943,ucb,10.791584270238179,52,False,False,12,22,0.36,0.005
43,2HPSb2O6-1,5.463422220959688,ucb,10.791584270238179,53,False,True,12,23,0.351,0.004
44,2CdFSbO2-1,3.5130988612781677,ucb,10.791584270238179,54,False,False,12,23,0.347,0.004
45,1NiF2-1,5.685462788767933,ucb,10.791584270238179,55,False,True,12,24,0.371,0.004
46,1PdLi2H6O6-1,4.305871141644152,ucb,10.791584270238179,56,False,False,12,24,1.209,0.005
47,1MnAs2F12-1,4.160613762790249,ucb,10.791584270238179,57,False,False,12,24,0.349,0.004
48,1PtLi2H6O6-1,4.66982928947715,ucb,10.791584270238179,58,False,False,12,24,0.303,0.004
49,1GeNa2H6O6-1,5.901295051257279,ucb,10.791584270238179,59,False,True,12,25,0.328,0.004
50,2FOY-1,6.726879214939499,ucb,10.791584270238179,60,False,True,12,26,0.328,0.004
51,3FNa-1,7.781608612287117,ucb,10.791584270238179,61,True,True,13,27,1.178,0.006
52,2FNa-1,7.694500527868119,ucb,10.791584270238179,62,True,True,14,28,0.326,0.004
53,2P-1,2.7339604246771136,ucb,10.791584270238179,63,False,False,14,28,0.327,0.005
54,1BaAs2F12-1,7.2857903526061225,ucb,10.791584270238179,64,True,True,15,29,0.397,0.004
55,2Sb-1,1.4062542364491943,ucb,10.791584270238179,65,False,False,15,29,0.394,0.005
56,2LiNbF6-1,8.141265897281308,ucb,10.791584270238179,66,True,True,16,30,1.457,0.006
57,1NiPdF6-1,2.061489104177938,ucb,10.791584270238179,67,False,False,16,30,0.379,0.006
58,2CuF3-1,3.550039340616814,ucb,10.791584270238179,68,False,False,16,30,0.383,0.006
59,2SrO3H4-1,6.069913590947623,ucb,10.791584270238179,69,False,True,16,31,0.36,0.006
60,2SrF2O2H4-1,7.694953668993825,ucb,10.791584270238179,70,True,True,17,32,0.369,0.005
61,2ILiO2H4-1,4.724923118928624,ucb,10.791584270238179,71,False,False,17,32,1.329,0.005
62,2CaO3H4-1,6.175914485021403,ucb,10.791584270238179,72,False,True,17,33,0.337,0.006
63,2CaF2O2H4-1,7.9662019138200115,ucb,10.791584270238179,73,True,True,18,34,0.379,0.005
64,1PtNa2H6O6-1,4.67382281949948,ucb,10.791584270238179,74,False,False,18,34,0.389,0.006
65,1FHNiO-1,3.54775074394505,ucb,10.791584270238179,75,False,False,18,34,0.36,0.005
66,2YF3-1,9.894449577438952,ucb,10.791584270238179,76,True,True,19,35,1.415,0.005
67,2NaNbF6-1,8.250125633271292,ucb,10.791584270238179,77,True,True,20,36,0.389,0.006
68,1SnNa2H6O6-1,5.654737793528017,ucb,10.791584270238179,78,False,True,20,37,0.346,0.005
69,2VF4-1,3.11207248904726,ucb,10.791584270238179,79,False,False,20,37,0.375,0.005
70,2LiTaF6-1,8.725162908062773,ucb,10.791584270238179,80,True,True,21,38,0.404,0.005
71,1CF2Y2-1,1.966112852815507,ucb,10.791584270238179,81,False,False,21,38,1.366,0.006
72,2FSeY-1,2.4298763476565908,ucb,10.791584270238179,82,False,False,21,38,0.406,0.006
73,1SNb3F7-1,1.8722522956083236,ucb,10.791584270238179,83,False,False,21,38,0.407,0.006
74,2IOY-1,2.8342099673596675,ucb,10.791584270238179,84,False,False,21,38,0.412,0.006
75,1SeNb3F7-1,1.8073108281965378,ucb,10.791584270238179,85,False,False,21,38,0.387,0.006
76,2ClLiO2H4-1,6.111150256482566,ucb,10.791584270238179,86,False,True,21,39,1.316,0.007
77,2NaTaF6-1,8.849863106960006,ucb,10.791584270238179,87,True,True,22,40,0.436,0.005
78,2INaO2H4-1,4.595953332495753,ucb,10.791584270238179,88,False,False,22,40,0.353,0.005
79,2CaSn2F6-1,4.94795999948755,ucb,10.791584270238179,89,False,False,22,40,0.372,0.006
80,2OsF4-1,2.239581463704641,ucb,10.791584270238179,90,False,False,22,40,0.39,0.006
81,2HNaO-1,4.458174478957227,ucb,10.791584270238179,91,False,False,22,40,1.43,0.006
82,1STa3F7-1,1.7987013928879922,ucb,10.791584270238179,92,False,False,22,40,0.384,0.005
83,2GaF3-1,8.149127636641484,ucb,10.791584270238179,93,True,True,23,41,0.375,0.005
84,1AgGeF6-1,2.5530257005823582,ucb,10.791584270238179,94,False,False,23,41,0.364,0.006
85,1MgH2O2-1,5.028010763049256,ucb,10.791584270238179,95,False,False,23,41,0.359,0.005
86,2ClNaO2H4-1,5.961086465928096,ucb,10.791584270238179,96,False,True,23,42,1.365,0.006
87,1BaBi2F12-1,4.978701893128808,ucb,10.791584270238179,97,False,False,23,42,0.371,0.005
88,2IrF3-1,3.600846567518613,ucb,10.791584270238179,98,False,False,23,42,0.377,0.006
89,1ZnF2-1,7.04070118337718,ucb,10.791584270238179,99,True,True,24,43,0.383,0.006
90,2KTaF6-1,8.68143673805662,ucb,10.791584270238179,100,True,True,25,44,0.367,0.006
91,2BKH4O4-1,6.126452412229799,ucb,10.791584270238179,101,False,True,25,45,1.341,0.006
92,2RhF3-1,3.1668743680308444,ucb,10.791584270238179,102,False,False,25,45,0.369,0.007
93,2CaGe2F6-1,5.992006948733845,ucb,10.791584270238179,103,False,True,25,46,0.369,0.007
94,2RhF3-2,3.690905229442491,ucb,10.791584270238179,104,False,False,25,46,0.371,0.006
95,1PdNa2H6O6-1,4.355284496193546,ucb,10.791584270238179,105,False,False,25,46,0.387,0.006
96,2FGaO-1,4.755211768183427,ucb,10.791584270238179,106,False,False,25,46,1.432,0.006
97,1GeK2H6O6-1,5.958661668382421,ucb,10.791584270238179,107,False,True,25,47,0.35,0.005
98,1ZnH2O2-1,4.267042625641457,ucb,10.791584270238179,108,False,False,25,47,0.353,0.006
99,1PbNa2H6O6-1,4.410436855787237,ucb,10.791584270238179,109,False,False,25,47,0.366,0.006
100,2FNaO-1,5.377216660211552,ucb,10.791584270238179,110,False,True,25,48,0.367,0.006
